{"accuracy": [0.6010384559631348, 0.8615548610687256, 0.9175617098808289, 0.9430400729179382, 0.956867516040802, 0.9645494222640991, 0.972003698348999, 0.9766412973403931, 0.978988528251648, 0.9816487431526184], "loss": [1.3498116731643677, 0.43769708275794983, 0.25309300422668457, 0.17355921864509583, 0.13144470751285553, 0.10911372303962708, 0.08566613495349884, 0.07106638699769974, 0.06394269317388535, 0.05689471960067749], "val_accuracy": [0.8276804089546204, 0.9140678644180298, 0.939847469329834, 0.948952853679657, 0.954757571220398, 0.9327908158302307, 0.9524242877960205, 0.9650011658668518, 0.954871416091919, 0.9601638913154602], "val_loss": [0.5350277423858643, 0.2722955644130707, 0.19080156087875366, 0.16616211831569672, 0.13936462998390198, 0.22033382952213287, 0.1639399230480194, 0.11365529894828796, 0.16320809721946716, 0.13449044525623322]}